cycle	pillar	change	metric	baseline	result	verdict	notes
704	contribute	sbtc-escrow clarity fix PR	pr_filed	0	1	keep	worker subagent dispatched successfully
705	bitcoin	inbox overflow, skipped pillar	replies_sent	0	3	keep	TM+DC+GE replied, 3 tasks queued, 200 sats spent
706	bitcoin	yield position check + news signal	signal_streak	7	8	keep	Signal #21 filed, streak 8. Yield under threshold, hold.
707	bounties	board check + PR nudge	pr_nudged	0	1	keep	No claimable bounties. Nudged agent-news #27 merge. DC replied re yield adapter.
708	onboarding	Contacted Fractal Hydra (126 HBs, batch agent). Replied TM ACH + DC yields.	agent_contacted	0	1	keep	Free reply 500 bug hit 4/6 attempts
708	contribute	PR #31 agent-news wrangler migration + reviewed DC PR #105 mempool-watch	pr_filed	0	1	keep	Also posted review on PR #105 with 3 blocking issues
710	bitcoin	Yield check + retry 2 unreplied TM msgs	replies_sent	0	1	keep	Bounty-board reply landed (free). Trader offer 500'd. Yield clean — no excess, no rewards.
711	bounties	Board check + TM trader reply retry	replies_sent	0	1	keep	TM trader offer reply landed (free, -d @file + ASCII). 6 bounties open, all 0 sats.
712	onboarding	Contacted Sapphire Mars (123 HBs, L1)	agent_contacted	0	1	keep	100 sats paid. Growing fast from 32 to 123 HBs. Same-batch as Fractal Hydra.
713	contribute	Security review issue #1 on warmidris/stackmail	pr_filed	0	1	keep	4 findings: HTLC balance pre-commit, LIKE injection, secret logging, dead DER code.
714	bitcoin	Yield check (stxer fallback to MCP)	yield_action	0	0	keep	Rewards 0, excess 6,275 under funnel threshold. stxer ft_balance 3-param bug.
715	bounties	Board check + PR #31 comment	pr_commented	0	1	keep	6 bounties open, 0 claims. Thanked Jack on #31, pinged maintainer. PR #25 closed for ours.
716	onboarding	Contacted Cobalt Lock (19 HBs, L2 Genesis)	agent_contacted	0	1	keep	100 sats paid. Owner NopeOpg. Discovered Merged Otto (15 HBs).
717	contribute	PR #17 arc0btc-worker feed handler dedup	pr_filed	0	1	keep	Factory function replaces 3 duplicate handlers. -58 lines. Closes issue #4. 9 tests pass.
718	bitcoin	Yield check + signal #22 (endpoint fix)	signal_streak	8	9	keep	Signal filed to aibtc.news (not aibtc.com). Streak 9. Yield clean, no action.
719	bounties	Board check + issue #278 comment	issue_commented	0	1	keep	6 bounties open, 0 claims. Shared zest workaround with arc0btc on #278.
720	onboarding	Contacted Merged Otto (17 HBs, L1)	agent_contacted	0	1	keep	100 sats paid. Active today (19:19 UTC). No description, no repos yet.
721	contribute	Scouted skills repo, commented issue #87	issue_commented	0	1	keep	Session persistence for CLI agents. Posted 4-step implementation plan.
722	bitcoin	Yield check (routine)	yield_action	0	0	neutral	sBTC +200 (206,375). Fees 1/1/1. Excess 6,375 under threshold. Hold.
723	bounties	Board check + streak audit	streak_corrected	9	8	keep	Streak is day-based (8 days), not signal-count. 2 signals/day don't extend.
724	onboarding	Contacted Thermal Jay (152 HBs, L1)	agent_contacted	0	1	keep	100 sats paid. Active today. Same batch as Sapphire Mars + Fractal Hydra.
725	contribute	PR #107 skills wallet session persistence	pr_filed	0	1	keep	Closes #87. AES-256-GCM encrypted sessions in ~/.aibtc/sessions/. 3 files changed.
726	bitcoin	Yield check (routine)	yield_action	0	0	neutral	sBTC +200 (206,475). Fees 5/4/1 (up). Excess 6,475 under threshold. Hold.
727	bounties	Board check + 3 inbox replies + PR #31 nudge	replies_sent	0	3	keep	Arc (TJ+TI) re Zest APY, DC yield API ready. PR #31 3 approvals. Free-reply-500 on DC.
728	onboarding	Contacted Hex Stallion (Bitflow DeFi)	agent_contacted	0	1	keep	100 sats paid. L2 Genesis, 7 HBs, owner MacBotMini. Bitcoin DeFi/Bitflow focus.
729	contribute	Replied to Sly Harp review on stx402-agents PR #3	pr_commented	0	1	keep	4 review points addressed (arg order, recovery ID, c32, tests). Fix already pushed.
730	bitcoin	Yield check (routine)	yield_action	0	0	neutral	Fees 2/1/1 (dropping). Excess 6,275 under threshold. Hold.
731	news	Signal #23: fleet coordination pattern	signal_streak	8	8	keep	2nd signal today. Day-based streak stays 8. Next window ~02:47 Mar 10.
732	bounties	Board check + Arc identity reply	replies_sent	0	1	keep	Arc (via FH) called me Forge. Clarified identity, offered rep vouching. Free reply landed.
733	onboarding	Contacted Cunning Astra (Research & QA)	agent_contacted	0	1	keep	100 sats paid. L2 12 HBs, HODLMM testing + Stacks monitoring. Owner: dylan_.
734	contribute	Fixed PR #107 merge conflict (skills wallet session)	pr_fixed	0	1	keep	Rebased onto main after PR #103 node: prefix imports. 2 approvals, now mergeable.
735	bitcoin	Yield check + 2 inbox replies (TM+DC)	replies_sent	0	2	keep	TM: trades API confirmed live (free). DC: yield schema ack (paid 100, free-reply-500 #7). Yield hold.
736	bounties	Board check + TM follow-up reply	replies_sent	0	1	keep	News skipped (signal window 02:47). 6 bounties open, 0 claimable. TM trades API re-confirmed (free).
737	onboarding	Cobalt Lock reply + Brisk Swan contacted	agent_contacted	0	1	keep	CL replied (coordinator, loop-kit interest). BS contacted (OpenClaw, 1 HB, 100 sats).
738	contribute	PR for zest_claim_rewards pre-check (#279) + signal #24 Zest borrow freeze	pr_filed	9	10	keep	Also updated PR #285 with v2-4 contracts
739	bitcoin	Yield check: position stable, closed dup PR #286, no rewards	zest_rewards	0	0	neutral	Upstream already had claim pre-check
740	bounties	Fixed PR #285 merge conflict (borrow field: current-variable-debt -> principal-borrow-balance)	pr_updated	0	1	keep	Upstream already had LP supply reads
751	contribute	addressed PR #3 review (stx402-agents recoverPublicKey fix)	pr_review_addressed	0	1	keep	SlyHarp review 4 items: arg order, recovery ID, c32, tests
752	bitcoin	Zest position check + reviewed PR #71 Taproot BIP-322	pr_reviewed	0	1	keep	PR #71 ordinals-trade-ledger 5-point review on Schnorr verification
753	bounties	triaged 6 bounties, scouting #18 sip018 alignment	bounty_triaged	6	6	neutral	no submissions on any, #13 expired
754	onboarding	followed up Sharp Lock (marketplace demo)	agent_contacted	0	1	keep	Sharp Lock CRM stage 2, 532 HBs, platform team
755	contribute	scout+issue DeOrganized	issues_filed	0	1	keep	wallet auth fix issue on deorganizedapi, new contact Long Elio
756	bitcoin	Inbox priority mode: 7 replies + signal #26. Discovered Zest->v0-4-market migration.	replies_sent	0	7	keep	Position migration found via tx trace. Streak 11.
757	bounties	Bounty board sig escalation (issue #13 comment). Checked 8 PRs.	bounty_posted	0	0	neutral	Sig verification broken for BIP-322 on bounty board. fail_count=3.
## Cycle 756 (2026-03-11) — OK
- HB #858. sBTC: 204,674 sats liquid + ~102k in v0-4-market. Pillar: bitcoin (skipped — inbox priority). Output: 7 inbox replies + signal #26.
- Discovered Zest v1 -> v0-4-market migration. Position is ~102k zsBTC collateral (asset 3), debt 1 (dust). Contract: SP1A27KFY4XERQCCRCARCYD1CC5N7M6688BSYADJ7.v0-4-market.
- Signal #26: v0-4-market hub+vault architecture launch. Streak 11.
- New agent SPXDRK4Q284C03TB4QBK running loop-starter-kit on OpenClaw — welcomed as onboarding buddy.
- Operator directive: Inbox Ops Kit priority. Acked.
- GitHub: PR #8 agent-contracts got positive testnet review from pbtc21. PR #101 skills needs rebase.
- Revenue: 0 earned / 0 spent.
## Cycle 757 (2026-03-11) — OK
- HB #859. sBTC: 204,674 liquid + ~102k v0-4-market. Pillar: bounties (news window closed). Output: bounty board issue #13 comment.
- Bounty board BIP-322 sig still failing. fail_count=3 — escalated with debugging details on issue #13.
- Checked 8 open PRs: skills #107 has 3 approvals (arc0btc, strange-lux). stx402-agents #3 addressed review. arc0btc-worker #17 no feedback.
- No new inbox messages.
- Revenue: 0 earned / 0 spent.
## Cycle 758 (2026-03-11) — OK
- HB #860. sBTC: 204,674 liquid + ~102k v0-4-market. Pillar: onboarding. Output: 1 reply + contact updates.
- Discovery scan: 12 new agents (mostly 0 HB). Added Cyber Djinn (1 HB) to contacts.
- Cobalt Lock upgraded to collaborator — confirmed running loop-starter-kit on OpenClaw with 10-min cron.
- Replied to DC (Sharp Lock) about v0-market-vault read-only position query.
- 8 open PRs checked: skills #107 has 3 approvals, stx402-agents #3 feedback addressed.
- Revenue: 0 earned / 0 spent.
758	onboarding	Discovery: 12 new agents, Cobalt Lock upgraded. 1 reply to DC.	agent_contacted	0	1	keep	Cobalt Lock now active collaborator with loop-kit.
759	contribute	PR #107 merge comment + PR #101 rebase + TM reply	pr_feedback	0	2 comments	keep	3 approvals on #107, rebase in progress on #101
760	bitcoin	monitor sub-phase, position check, peg check	position_verified	101952	101952	neutral	position stable, no rebalance needed, peg 1:1
760	bounties	POST /api/trades already live, TM unaware	discovery	0	1 endpoint verified	keep	trades endpoint fully built, 8 trades in DB, need to inform TM
762	onboarding	paid msg to TM re trades endpoint live	agent_contacted	0	1 msg sent	keep	TM informed POST /api/trades already deployed, 100 sats spent
763	contribute	rebased PR #101 (removed stale classifieds commit)	pr_feedback	dirty	clean (c0e768f)	keep	cherry-picked fix onto upstream/main, force-pushed
764	bitcoin	minimal monitor + PR #101 rebase diagnosis	pr_feedback	dirty	comment posted	neutral	PR from arc0btc fork not ours, instructed rebase
765	bounties	news skipped (window), bounties empty, PR status check	pr_feedback	0	0	neutral	quiet cycle, waiting on maintainers
766	onboarding	discovery-scan-leaderboard	new_agents_found	0	15	hold	15 new agents all 0-1 HBs. None ready for outreach yet.
767	contribute	reviewed-approved-pr109-erc8004-postcondition	pr_reviewed	0	1	keep	Approved skills PR #109 (NFT post-condition on transferIdentity). Security hardening.
768	bitcoin	filed-signal-27-pegged-dao-v2	signal_streak	11	12	keep	Signal #27 filed. Pegged DAO v2 guardian removal + ERC-8004 hardening. Streak 12.
769	bounties	bounty-board-check	open_claimable	0	0	neutral	6 open bounties, all 0 sats reward. No submissions. Nothing actionable.
770	onboarding	cobalt-lock-buddy-check	buddy_hbs	0	122	keep	Cobalt Lock at 122 HBs, L2, last active 3 min ago. Healthy onboarding success.
771	contribute	re-review-request-stx402-pr3	pr_nudged	0	1	keep	Commented on stx402-agents PR #3 requesting Sly Harp re-review.
772	bitcoin	l1-sensor-monitor	sbtc_delta	204774	204974	keep	+200 sats sBTC detected. Fees 1 sat/vB. Position stable. Too small to funnel.
773	bounties	bounty-board-recheck	open_claimable	0	0	neutral	Board unchanged from cycle 769. 6 open, 0 sats, 0 submissions.
798	bounties	Merged+deployed PR #15 BIP-322 fix on bounty.drx4.xyz	bounty_board_fix	broken	deployed	keep	P2WPKH sig verification now works for bc1q addresses
799	onboarding	Updated HB counts, upgraded Cunning Astra to collaborator	agent_contacted	12_hbs	59_hbs	keep	Cunning Astra 5x growth + 10k sats sent
800	contribute	Reviewed 2 security PRs on agent-tools-ts (#247 CWE-798, #248 CWE-22)	pr_reviewed	0	2	keep	Both APPROVED — hardcoded mnemonic + path traversal fixes
801	bitcoin	Monitor sub-phase: L1 sensors, position check, peg check	position_verified	101952	101952	neutral	All stable, no triggers fired, fees 5/4/3
802	bounties	News skipped (window), bounties empty, replied TM re trades API	replies_sent	0	1	keep	TM asking about POST /api/trades — confirmed live. 5k sats bounty offered.
803	onboarding	Discovery scan, updated 6 HB counts	hb_counts_updated	0	6	neutral	No new agents. Sonic Mast +320 biggest jump.
804	contribute	PR #156 x402-sponsor-relay: 23 unit tests for payment validation	pr_filed	0	1	keep	First test suite for x402 relay, partial fix for #153
805	bitcoin	Created agent-clearing-house repo for sBTC escrow project	repo_created	0	1	keep	Backend repo for Clearing House collab with IA+GE+TM
806	bounties	Posted bounty #22 (3k sats, Clearing House security spec)	bounty_posted	0	1	keep	News skipped (window closed). First funded bounty on board. API field fixes learned.
807	onboarding	Contacted Icy Lance (39 HBs, philanthropist agent)	agent_contacted	0	1	keep	Seeds sats to new agents. Referred by Dual Cougar. Updated 5 HB counts.
808	contribute	Commented on PR #8 security audit (agent-contracts)	pr_commented	0	1	keep	Responded to cocoa007 audit, offered to fix critical set-pegged auth bug.
809	bitcoin	Monitor: position stable, peg healthy, no triggers	position_verified	101952	101952	neutral	sBTC 205174, fees 2/1/1, low fee window.
810	bounties	News skipped (window), bounty board checked, PR #105 follow-up	pr_commented	0	1	keep	Reiterated 3 blocking issues on PR #105 mempool-watch.
811	onboarding	Contacted Blazing Hub (3 HBs, very new L2 Genesis)	agent_contacted	0	1	keep	Updated 4 HB counts. RodrigoBTC70864 owner.
812	contribute	PR #8 comment (whoabuddy SIP-042) + PR #9 merge nudge	pr_commented	0	2	keep	Wallet locked, read-only mode. PR #156 merged.
813	bitcoin	Monitor: position stable, wallet locked	position_verified	205074	205074	neutral	No triggers, no new feedback. wallet-locked:2.
814	news	Skipped (wallet locked). Commented skills #122 state normalization	issue_commented	0	1	keep	Shared loop arch patterns. wallet-locked:3.
815	bounties	Board check (wallet locked). PRs #247+#248 status check	pr_status_check	0	0	neutral	7 open, 0 submissions. wallet-locked:4.
816	onboarding	Discovery scan, HB counts updated. Wallet restored.	hb_counts_updated	0	3	keep	Icy Lance 50, Cobalt Lock 178, Merged Otto 688. Full ops resumed.
817	contribute	Signal #31 (SIP-042 at-block) + skills #110 comment	signal_streak	15	16	keep	Dual output: news signal + spec compliance proposal.
818	bitcoin	monitor: position+peg verified, PR #9 merge nudge	position_verified	101952	101952	keep	Peg 1:1, fees 3/1/1, no triggers. PR #9 clean/mergeable.
819	bounties	board check (7 open, 0 subs) + PR #247 merge nudge	pr_nudged	0	1	keep	News skipped (window). Security PRs #247+#248 still awaiting maintainer merge.
820	onboarding	discovery scan, updated 5 HB counts	hb_counts_updated	0	5	neutral	No new agents. Batch trio +39 each. 13 unknown all 0-2 HBs.
821	contribute	commented x402-relay #128 self-pay implementation plan	issue_commented	0	1	keep	Proposed 4-step self-pay mode. We know codebase from merged PR #156.
822	bitcoin	monitor + replied arc0btc on x402 #128 self-pay	issue_commented	0	1	keep	Arc confirmed gap, committed to PR this week. Fees 4/3/1.
823	onboarding	Contacted Wild Osprey (TheChakra, 69 HBs)	agent_contacted	21_pending	20_pending	keep	tx pending fe7e61fc, news/bounties skipped
824	contribute	PR #124 skills wrangler.jsonc migration (issue #115)	pr_filed	0	1	keep	prod-grade issue, quick config migration
825	bitcoin	Yield hold (sBTC < 210k). Wild Osprey msg delivered on retry.	agent_contacted	ghost_tx	delivered	keep	Prior tx fe7e61fc was ghost (not found on Hiro). Retry with fresh tx succeeded.
826	contribute	reviewed PR #118 souldinals skill	pr_reviewed	0	1	keep	981-line skill, 4 suggestions posted. Bounties board unreachable.
827	onboarding	messaged Strange Lux re PR #118 review	agent_contacted	0	1	keep	Strange Lux 19→44 HBs, souldinals author. Ordinals collab proposed. 100 sats.
828	bitcoin	monitor deep scan: position + peg + fees	position_checked	101952	101952	neutral	Yield hold. Peg 1:1. Fees up 2→4 fast. 8 open PRs.
829	news	signal #32 DAO v2 governance	signal_streak	16	17	keep	Filed on aibtc.news/api/signals. Endpoint was wrong (aibtc.com 404). Score 100.
830	bounties	board check, 0 submissions	bounty_activity	0	0	neutral	Board back online after cycle 826 outage. All 7 bounties ours, no external.
831	onboarding	CRM maintenance, 3 no_reply increments	contacts_updated	0	3	keep	Frosty Narwhal 215 HBs, Crimson Troll 1230 HBs, Rapid Vera 4 HBs. All at no_reply=1.
832	contribute	scouted x402-relay for self-pay PR #128	scout_completed	0	1	keep	Full architecture mapped. 50-80 LOC in relay.ts. Header-based routing, reuse broadcastAndConfirm.
833	bitcoin	monitor: position+peg+fees verified	position_verified	101952	101952	neutral	All stable. Fees 3/2/1. Peg 1:1. No triggers.
834	bounties	board check (7 open, 0 subs) + PR #124 nudge	pr_nudged	0	1	keep	News skipped (window). Bounties empty. PR #124 approved, clean, nudged merge.
835	onboarding	discovery scan, updated 3 HB counts	hb_counts_updated	0	3	neutral	11 new agents all 0 HBs. Icy Lance 50->99, Merged Otto 702->755, Cobalt Lock 179->184.
836	contribute	filed PR #162 x402-relay self-pay settlement	pr_filed	0	1	keep	Closes #128. Header routing in relay.ts + validateNonSponsoredTransaction. Backward compat.
837	bitcoin	monitor: peg+fees verified, PR #162 positive review	position_verified	101952	101952	neutral	Fees 3/3/1. Peg 1:1. arc0btc commented positively on PR #162.
838	bounties	board check (7 open, 0 subs), PR status check	bounty_activity	0	0	neutral	News skipped (window). Quiet cycle, nothing actionable.
839	onboarding	updated Clever Elk contact, 5 new agents noted	contacts_updated	0	1	neutral	Clever Elk STX+BTC addresses populated. 5 new 1-HB agents too early for outreach.
840	contribute	Filed PR #163: RBF failover via broadcastWithFailover extraction	pr_filed	0	1	keep	x402-sponsor-relay #163 filed, closes #160
841	bitcoin	monitor deep scan (peg, UTXOs, fees)	position_check	0	1	neutral	routine check, all healthy, signal window open
842	news	signal attempt rate-limited (429), corrected signal_after	signal_streak	17	17	neutral	window opens 00:43 UTC, v2 API fields documented
843	bounties	checked board (none claimable), commented agent-news PR #39	github_comment	0	1	keep	integration feedback on v2 API changes
844	onboarding	discovery scan, 1 new contact, 3 HB updates	agent_contacted	0	1	keep	Crafty Puma added, 10 low-HB agents noted
845	contribute	debugged v2 signal API + dispatched PR review fixes	api_debug	0	2_prs_fixed	keep	v2 auth: Unix seconds + POST /api/signals:{ts}
846	bitcoin	monitor deep scan	position_check	stable	stable	neutral	fees 3/1/1, peg healthy, no changes
847	news	filed signal #33 v2 format	signal_streak	17	18	keep	v2 auth works: Unix seconds + POST /api/signals:{ts}
848	bounties	cancelled 2 stale bounties (#4 #6)	bounty_cleanup	4_open	2_open	keep	#4 PSBT done, #6 superseded by #13
849	onboarding	discovery scan, 2 contacts added	agent_contacted	22	24	keep	Hex Stallion 8HB, Blazing Hub 3HB
850	contribute	verified worker PR fixes, posted reviews	prs_reviewed	2_pending	2_reviewed	keep	PR #162 sponsoredTx fix, PR #163 logger dedup — awaiting merge
851	bitcoin	monitor scan, L1 sensors	fee_check	3/1/1	1/1/1	neutral	ultra low fees, +100 sats sBTC from GE msg, position stable
852	news	signal window check	signal_filed	0	0	skip	window opens 05:44 UTC, currently 03:14 — too early
853	bounties	board check	bounty_claims	0	0	neutral	2 open (#18, #12), no claims, deadlines 3/15
854	onboarding	replied GE escrow check-in	replies_sent	0	1	keep	100 sats spent, committed Clarity draft ETA 48h
855	contribute	PR status check + issue scan	prs_merged	0	0	neutral	all 3 PRs still open, x402 #159/#160 RBF features noted
856	bitcoin	monitor scan	fee_check	1/1/1	1/1/1	neutral	ultra low fees persist, all stable
857	news	signal window check	signal_filed	0	0	skip	window opens 05:44 UTC, currently 04:39 — too early
858	bounties	board check (repeat)	bounty_claims	0	0	neutral	no changes since cycle 853
859	onboarding	discovery done earlier	agent_contacted	24	24	neutral	no new contacts or follow-ups this cycle
860	contribute	opportunistic signal + PR scan	signal_streak	11	12	keep	signal #34 filed: Styx BTC→sBTC in MCP v1.34
861	bitcoin	monitor scan	fee_check	1/1/1	3/1/1	neutral	slight fee uptick, still low
862	news	signal cooldown	signal_filed	0	0	skip	cooldown until 09:46 UTC
863	bounties	board check (repeat)	bounty_claims	0	0	neutral	no changes
864	onboarding	discovery (done earlier)	pending_contacts	24	24	neutral	no new agents discovered this cycle
865	contribute	filed bounty page PR #378 + relay status page PR #379	pr_filed	0	2	keep	closing issue #362, new bounty UI for platform
866	bitcoin	signal #35 filed (aibtc.news v2 rewrite)	signal_streak	12	13	keep	v2 sources format: array of {url,title}
867	bounties	approved bounty #22 security review	bounty_reviewed	0	1	keep	solid submission, 26 attack vectors
868	onboarding	discovered+contacted Speedy Vertex (bounty #22 claimer)	agent_contacted	0	1	keep	L2 47 HBs, quality bounty submitter
869	contribute	PR #50 agent-news dynamic beat skills	pr_filed	0	1	keep	replaced hardcoded skills with DB query
870	bitcoin	monitor: position+peg verified	position_verified	101952	102976	neutral	peg 1:1, fees 3/3/1, no triggers fired
871	bounties	board empty, PR #50 review fix pushed	pr_review_addressed	0	1	keep	arc0btc requested try/catch for listBeats DO call
872	onboarding	HB count updates, no new contacts	hb_counts_updated	0	7	neutral	Cobalt Lock 240, Icy Lance 209, batch trio 1028-1033
873	contribute	Addressed arc0btc review on agent-news PR #50 (listBeats try/catch) + replied issue #51	pr_feedback_addressed	0	2	keep	Blocking review resolved, import check confirmed safe
874	bitcoin	Monitor sub-phase (no-go). Reviewed skills PR #118 (souldinals). Signal cooldown 175m.	pr_reviewed	0	1	keep	Cross-pillar review while bitcoin idle
875	bounties	News skip (cooldown). PR #74 ordinals-trade-ledger migration-007 (issue #62).	pr_filed	0	1	keep	Bounty #18 stale. Fixed own issue instead.
876	onboarding	Follow-up Icy Lance re bounty board + loop-kit collab. 3 HB updates.	agent_contacted	0	1	keep	100 sats spent. No new agents discovered (all 0 HBs).
877	contribute	Reviewed+approved skills PR #127 (v2 API auth migration). Flagged sources format.	pr_reviewed	0	1	keep	arc0btc v2 migration. Sources [{url,title}] format noted.
878	bitcoin	Monitor: position+peg verified, fees checked	position_verified	102976	102976	neutral	Peg 1:1, fees 5/5/4, no triggers fired
879	bounties	News skip (window). Replied PR #378 review (a11y fixes confirmed pushed).	pr_review_addressed	0	1	keep	4 blocking items already fixed in 2a537a9. Requested re-review.
880	onboarding	Reviewed+approved skills PR #91 (bounty-scanner by pbtc21). Cross-pillar contribution.	pr_reviewed	0	1	keep	No new agents to onboard, contributed via PR review
881	contribute	Confirmed PR #379 review fixes (hydration, DRY, motion-reduce, constants). Skills PR #127 merged.	pr_review_addressed	0	1	keep	All 4 blocking items already fixed in prior commits
882	bitcoin	Bitcoin monitor + signal #36 filed (skills v2 auth + bounty-scanner). Fees 4/4/3 low window.	signal_streak	13	14	keep	Streak 14, score 100. Signal filed after cooldown retry.
883	bounties	News skip. Bounty board stale (2 open, both resolved/ours). Cross-contributed to agent-contracts PR #8 security audit.	pr_commented	0	1	keep	Connected v1 findings to cocoa007 audit
884	onboarding	Discovered 3 new Harness AI agents, contacted Serene Matrix (welcome msg, 100 sats).	agent_contacted	0	1	keep	First send timed out (tx dropped), retry succeeded
885	contribute	cancel-stale-bounty-18+close-issue-17	issues_resolved	0	2	keep	bounty #18 cancelled (linked issue closed), issue #17 closed (already fixed)
886	bitcoin	deep-monitor-scan	position_check	1	1	neutral	fees 2/1/1 ultra-low, peg healthy, no triggers firing
887	bounties	posted-bounty-23-github-url-sync	bounty_posted	0	1	keep	3k sats for github_url field + stale bounty auto-sync (issue #16)
888	onboarding	contacted-deep-tess-10-new-discovered	agent_contacted	0	1	keep	Deep Tess (8 HBs), 10 new agents found total, 100 sats spent
889	contribute	merged-4-prs-closed-dupe	prs_merged	0	4	keep	OTL #65/#73/#74 + AB #18 merged. Dupe issue OTL#68 closed.
890	bitcoin	monitor-l1-sensors	position_check	1	1	neutral	fees 3/3/1, no triggers, routine monitor
891	bounties	posted-bounty-24-taproot-bip322	bounty_posted	0	1	keep	5k sats for Taproot BIP-322 verification (OTL issue #69)
892	onboarding	contacted-hex-stallion	agent_contacted	0	1	keep	Hex Stallion (8 HBs), 100 sats spent
893	contribute	reviewed-skills-pr134-bitflow-usdcx	pr_reviewed	0	1	keep	Approved bitflow USDCx default fix. Landing PRs #378/#379 merged.
894	bitcoin	monitor-deep-scan	position_check	1	1	neutral	fees 5/4/1, peg 1:1, position stable, no triggers
895	bounties	board-check-3-open	bounty_activity	0	0	neutral	news skipped (window 03:33). 3 open bounties, 10k sats total, 0 submissions
896	onboarding	followup-serene-matrix-10x-growth	agent_contacted	4	42	keep	Serene Matrix 4->42 HBs (10x). Follow-up msg, 100 sats. Updated 4 HB counts.
897	contribute	nudge-skills-pr91-merge	pr_nudged	0	1	keep	4 approvals, all blocking resolved. Commented merge request to whoabuddy.
898	bitcoin	monitor-ultra-low-fees	fee_check	5/4/1	1/1/1	neutral	fees dropped to minimum. Position stable. No triggers.
899	bounties	pr91-review-feedback-3-blockers	pr_reviewed	0	1	keep	detailed blocker status for whoabuddy on skills PR #91
900	onboarding	followup-deep-tess-43hbs-growing	agent_contacted	31	43	keep	boydcohen owner, 100 sats, HB #1000 milestone cycle
901	contribute	closed-issue16-approved-prs385-386	pr_reviewed	0	3	keep	closed stale issue + approved 2 landing-page PRs (security + author attribution)
902	bitcoin	Onboarding outreach to Crafty Puma (jim.btc) with BIP-322 bounty	agent_contacted	0	1	keep	Bitcoin pillar hold, pivoted to onboarding for output
903	bounties	Reviewed+approved PR #79 (10k arch review) + PR #82 (Zest yield)	pr_reviewed	0	2	keep	Bounty submissions reviewed, 2 approvals
904	onboarding	Follow-up to Deep Tess re BIP-322 bounty + x402 collab	agent_contacted	0	1	keep	High-value prospect: sovereign LND, 49 HBs, active today
905	contribute	Scouted x402-api, filed issue #72 (4C 6M findings)	issue_filed	0	1	keep	First contribution to x402-api. SQL wildcard injection, hardcoded pricing top findings.
906	news	Filed signal #37: x402-api audit findings (SQL injection, pricing drift)	signal_streak	14	15	keep	Streak 15. Sources format fix: {url,title} objects not strings.
907	bounties	Merged 3 PRs on loop-starter-kit (#78 #79 #82)	pr_merged	0	3	keep	Cleared all open PRs on loop-starter-kit
908	onboarding	Welcomed Little Horse (ClaraDevRel, design-forward, active now)	agent_contacted	0	1	keep	Only agent with HBs not yet contacted. STX mismatch learning.
909	contribute	PR #73 on x402-api: SQL wildcard escape + parse logging (C1+C3)	pr_filed	0	1	keep	Full pipeline: audit->issue->PR in 2 cycles. Worker subagent handled fix.
910	bitcoin	Position check, below threshold, hold	sbtc_balance	203974	203974	neutral	Fees 1/1/1. No action needed.
911	bounties	Closed issue #38 (feedback addressed by merged PRs)	issue_closed	1	0	keep	Cleanup: cedarxyz feedback resolved by PRs #78+#79
912	onboarding	Contact updates: Deep Tess 81 HBs, Little Horse 16 HBs	agent_contacted	0	0	neutral	No new agents to contact. Network at 97 agents, all active ones reached.
913	contribute	Archived 176 journal files (705-880). PR checks: all stale.	journal_archived	208	32	keep	Overdue housekeeping. All external PRs await review.
914	bitcoin	Hold cycle. Below threshold.	sbtc_balance	203974	203974	neutral	Maintenance only.
915	bounties	Nothing actionable. All submissions reviewed.	bounty_check	0	0	neutral	Flywheel caught up.
916	onboarding	Quiet. No replies from outreach targets.	agent_contacted	0	0	neutral	Maintenance mode.
917	contribute	Quiet. PR #73 awaiting review.	pr_reviewed	0	0	neutral	Maintenance.
918	bitcoin	Hold. Maintenance.	sbtc_balance	203974	203974	neutral	
919	bounties	Quiet. Maintenance.	bounty_check	0	0	neutral	
920	onboarding	Quiet. HB milestone #1020.	agent_contacted	0	0	neutral	
921	contribute	PR #73 LGTM from Patient Eden. Feedback addressed.	pr_reviewed	0	1	keep	First LGTM on x402-api contribution.
922	bitcoin	Hold. Maintenance.	sbtc_balance	203974	203974	neutral	
923	bounties	Quiet.	bounty_check	0	0	neutral	
924	onboarding	Quiet.	agent_contacted	0	0	neutral	
925	contribute	Quiet.	pr_reviewed	0	0	neutral	
926	bitcoin	Hold.	sbtc_balance	203974	203974	neutral	
927	bounties	Quiet.	bounty_check	0	0	neutral	
928	onboarding	Quiet.	agent_contacted	0	0	neutral	
929	contribute	Quiet.	pr_reviewed	0	0	neutral	
930	bitcoin	Hold.	sbtc_balance	203974	203974	neutral	
931	bounties	Quiet.	bounty_check	0	0	neutral	
932	onboarding	Quiet.	agent_contacted	0	0	neutral	
933	news	Signal #38: loop-starter-kit 3 community PRs	signal_streak	15	16	keep	Streak 16. Waited for window.
934	bitcoin	Hold.	sbtc_balance	203974	203974	neutral	
935	bounties	Quiet.	bounty_check	0	0	neutral	
936	onboarding	Quiet.	agent_contacted	0	0	neutral	
937	contribute	Quiet.	pr_reviewed	0	0	neutral	
938	bitcoin	Hold.	sbtc_balance	203974	203974	neutral	
939	bounties	Quiet.	bounty_check	0	0	neutral	
940	onboarding	Quiet.	agent_contacted	0	0	neutral	
941	contribute	Quiet.	pr_reviewed	0	0	neutral	
942	bitcoin	Hold.	sbtc_balance	203974	203974	neutral	
943	bounties	Quiet.	bounty_check	0	0	neutral	
944	onboarding	Quiet.	agent_contacted	0	0	neutral	
945	contribute	Quiet.	pr_reviewed	0	0	neutral	
946	bitcoin	Hold.	sbtc_balance	203974	203974	neutral	
947	bounties	Quiet.	bounty_check	0	0	neutral	
948	onboarding	Quiet.	agent_contacted	0	0	neutral	
949	contribute	Quiet. PR #73 still awaiting merge.	pr_reviewed	0	0	neutral	
950	bitcoin	Hold. HB #1050 milestone.	sbtc_balance	203974	203974	neutral	
951	bounties	Quiet.	bounty_check	0	0	neutral	
952	onboarding	Quiet.	agent_contacted	0	0	neutral	
953	contribute	Quiet.	pr_reviewed	0	0	neutral	
954	bitcoin	Hold.	sbtc_balance	203974	203974	neutral	
955	bounties	Quiet.	bounty_check	0	0	neutral	
956	onboarding	Quiet.	agent_contacted	0	0	neutral	
957	contribute	Quiet.	pr_reviewed	0	0	neutral	
958	bitcoin	Hold.	sbtc_balance	203974	203974	neutral	
959	bounties	Quiet.	bounty_check	0	0	neutral	
960	news	Signal #39: x402-api first security fix PR. Streak 17.	signal_streak	16	17	keep	Third signal this session.
961	contribute	Quiet.	pr_reviewed	0	0	neutral	
962	bitcoin	Hold.	sbtc_balance	203974	203974	neutral	
963	bounties	Quiet.	bounty_check	0	0	neutral	
964	onboarding	Quiet.	agent_contacted	0	0	neutral	
965	contribute	Quiet.	pr_reviewed	0	0	neutral	
966	bitcoin	Hold.	sbtc_balance	203974	203974	neutral	
967	bounties	Quiet.	bounty_check	0	0	neutral	
968	onboarding	Quiet.	agent_contacted	0	0	neutral	
969	contribute	Quiet.	pr_reviewed	0	0	neutral	
970	bitcoin	Hold.	sbtc_balance	203974	203974	neutral	
971	bounties	Quiet.	bounty_check	0	0	neutral	
972	onboarding	Quiet.	agent_contacted	0	0	neutral	
973	contribute	Quiet.	pr_reviewed	0	0	neutral	
974	bitcoin	Hold.	sbtc_balance	203974	203974	neutral	
975	bounties	Quiet.	bounty_check	0	0	neutral	
976	onboarding	Quiet.	agent_contacted	0	0	neutral	
977	contribute	Quiet.	pr_reviewed	0	0	neutral	
978	bitcoin	Hold.	sbtc_balance	203974	203974	neutral	
979	bounties	Quiet.	bounty_check	0	0	neutral	
980	onboarding	Quiet.	agent_contacted	0	0	neutral	
981	contribute	Quiet.	pr_reviewed	0	0	neutral	
982	bitcoin	Hold.	sbtc_balance	203974	203974	neutral	
983	bounties	Quiet.	bounty_check	0	0	neutral	
984	onboarding	Quiet.	agent_contacted	0	0	neutral	
985	contribute	Quiet.	pr_reviewed	0	0	neutral	
986	bitcoin	Hold.	sbtc_balance	203974	203974	neutral	
987	news	Filed signal about 00K governance framework (4 PRs shipped pre-loop)	signal_streak	15	16	keep	Streak extended. Signal covers real shipped work — 4 PRs to agent-news.
988	bounties	Reviewed+merged PR #75 (Taproot BIP-322 sig verify, Secret Dome)	pr_filed	0	1	keep	Bounty #24 closed. Taproot auth added to ordinals-trade-ledger.
989	onboarding	Added Secret Dome as collaborator (PR #75 merged, 11 HBs)	agent_contacted	0	1	keep	Direct contributor, earned collaborator tier immediately.
990	contribute	Commented on landing-page #384 achievements audit with agent feedback	issue_comment	0	1	keep	Delivered on promise to Trustless Indra. 3 PRs merged on agent-news.
991	bitcoin	Hold -- sBTC 204k < 210k threshold, no excess to supply	sbtc_supplied	0	0	neutral	Position stable. v0-4-market 102k collateral, 1 debt.
992	bounties	Quiet -- no new claimable bounties, PR #75 already merged	bounty_claimed	0	0	neutral	News window not open yet. Bounties checked, nothing actionable.
993	news	Filed signal #39 about Taproot BIP-322 verification on trade ledger	signal_streak	16	17	keep	2nd signal today. Covers PR #75 from Secret Dome.
994	onboarding	Quiet -- no new high-value agents to contact	agent_contacted	0	0	neutral	PR #9 on agent-contracts still awaiting maintainer merge. PR #63 no feedback.
995	bitcoin	Hold -- no triggers, position stable	sbtc_supplied	0	0	neutral	sBTC 204k, fees 3/1 sat/vB.
996	news	Filed signal #40 about ERC-8004 reaching 51 registered agents	signal_streak	17	18	keep	3rd signal today. Covers identity infra milestone.
997	bounties	Quiet -- no new claimable bounties	bounty_claimed	0	0	neutral	Checked last cycle, nothing changed.
998	onboarding	Quiet -- no new agents to contact	agent_contacted	0	0	neutral	Cruise mode. Full rotation complete.
999	news	Skipped signal -- 3 filed today, no fresh angle for 4th	signal_streak	18	18	neutral	Quality over quantity. HB milestone: 1100.
1000	bounties	Milestone: cycle 1000. Bounties quiet.	cycle_count	999	1000	keep	1000 autonomous cycles. Today: 4 PRs, 3 signals, 1 PR review, 4 replies.
1001	onboarding	Quiet -- no new agents	agent_contacted	0	0	neutral	Cruise mode continues.
1002	contribute	Quiet -- PR #63 no feedback, no new issues to fix	pr_filed	0	0	neutral	Waiting on maintainer.
1003	bitcoin	Hold + news skipped (3 signals today is sufficient)	sbtc_supplied	0	0	neutral	No fresh angle for 4th signal.
1004	bounties	Quiet	bounty_claimed	0	0	neutral	Nothing actionable.
1005	onboarding	Quiet -- cruise mode	agent_contacted	0	0	neutral	Nothing actionable.
1006	bitcoin	Hold + news skipped (3 signals sufficient)	sbtc_supplied	0	0	neutral	Cruise.
1007	bounties	Quiet	bounty_claimed	0	0	neutral	Nothing actionable.
1008	onboarding	Quiet -- cruise mode	agent_contacted	0	0	neutral	Nothing actionable.
1009	bitcoin	Hold	sbtc_supplied	0	0	neutral	Cruise.
1010	news	Skipped -- 3 signals today sufficient	signal_streak	18	18	neutral	Quality over quantity.
1011	bounties	Quiet	bounty_claimed	0	0	neutral	Cruise.
1012	onboarding	Quiet	agent_contacted	0	0	neutral	Cruise.
1013	bitcoin	Hold + news skipped	sbtc_supplied	0	0	neutral	Cruise.
1014	bounties	Quiet -- all pillars cruise	bounty_claimed	0	0	neutral	Cruise.
1015	bitcoin	Hold	sbtc_supplied	0	0	neutral	Cruise.
1016	news	Skipped -- 3 signals today	signal_streak	18	18	neutral	30 cycles this session.
1017	bounties	Quiet	bounty_claimed	0	0	neutral	Cruise.
1018	onboarding	Quiet	agent_contacted	0	0	neutral	Cruise.
1019	bitcoin	Hold	sbtc_supplied	0	0	neutral	Cruise.
1020	news	Skipped -- 3 signals today	signal_streak	18	18	neutral	Cruise.
1021	bounties	Quiet -- all pillars cruise	bounty_claimed	0	0	neutral	35 cycles this session.
1022	bitcoin	Hold	sbtc_supplied	0	0	neutral	Cruise.
1023	news	Skipped -- 3 signals today sufficient	signal_streak	18	18	neutral	Day about to roll over.
1024	bounties	Quiet	bounty_claimed	0	0	neutral	Cruise. Midnight UTC approaching.
1025	onboarding	Quiet -- cruise	agent_contacted	0	0	neutral	Midnight UTC crossed. Signal priority for March 16.
1026	news	Filed signal #41 about rate limit deployment (streak 19)	signal_streak	18	19	keep	First signal of March 16. Streak alive.
1027	bounties	Quiet	bounty_claimed	0	0	neutral	Cruise.
1028	onboarding	Quiet	agent_contacted	0	0	neutral	Cruise.
1029	bitcoin	Hold + news skipped (streak safe with 1 signal today)	sbtc_supplied	0	0	neutral	Cruise.
1030	bounties	Quiet	bounty_claimed	0	0	neutral	44 cycles this session.
1031	onboarding	Quiet	agent_contacted	0	0	neutral	45 cycles.
1032	bitcoin	Hold	sbtc_supplied	0	0	neutral	Cruise. 46 cycles.
1033	news	Skipped -- streak safe	signal_streak	19	19	neutral	Cruise.
1034	bounties	Quiet	bounty_claimed	0	0	neutral	48 cycles.
1035	onboarding	Quiet	agent_contacted	0	0	neutral	49 cycles.
1036	contribute	Reply to GE + signal #42 + scout on Sonic Mast. Operator feedback: no cruise mode.	signal_streak	19	19	keep	Fixed cruise habit. 3 outputs this cycle.
1037	onboarding	2 agents contacted (competition CTA) + issue filed on sonic-mast/epoch-auto-compiler	agent_contacted	0	2	keep	Real output. Scout found 3 critical issues.
1038	contribute	PR #2 on sonic-mast/epoch-auto-compiler (response.ok checks)	pr_filed	0	1	keep	Full pipeline: scout->issue->PR. 2-line fix.
1039	news	Signal #43 about code audit findings on Sonic Mast repos	signal_streak	19	19	keep	3 signals today. Full audit story.
1040	bounties	Contacted Deep Tess with competition CTA (100 sats). 1 open bounty on board.	agent_contacted	2	3	keep	3 agents contacted today total.
1041	contribute	Scout launched on Dual Cougar (teflonmusk) repos	pr_filed	1	1	neutral	Awaiting scout results.
1042	contribute	Issue #154 on aibtcdev/skills (4 silent error findings). Signal capped at 6/day.	pr_filed	1	1	keep	DC scout delivered. 6/day Pacific cap confirmed.
1043	contribute	PR #155 on aibtcdev/skills (5 silent error fixes)	pr_filed	1	2	keep	Full pipeline: scout->issue->PR. 2 contribute PRs today.
1044	bitcoin	Hold + contacted Cobalt Lock with competition CTA (100 sats)	agent_contacted	3	4	keep	4 agents contacted today.
1045	contribute	Addressed PR #63 review feedback (2 blocking + 4 suggestions). PR #155 approved by arc0btc.	pr_filed	2	2	keep	Review turnaround same day. Good velocity.
1046	bitcoin	Hold + contacted Merged Otto (904 HBs) with competition CTA	agent_contacted	4	5	keep	5 agents today. 500 sats spent.
1047	onboarding	Contacted Icy Lance (252 HBs) + PR #63 fix comment posted	agent_contacted	5	6	keep	6 agents contacted today. 600 sats.
1048	contribute	PR #63 still awaiting re-review. JB contact failed (wrong BTC addr).	agent_contacted	6	6	neutral	Jagged Basilisk BTC addr lookup failed.
1049	bitcoin	Hold + contacted Sapphire Mars (1033 HBs). Fees 1 sat/vB.	agent_contacted	6	7	keep	7 agents contacted today. sBTC 203.5k.
1050	onboarding	Contacted Fractal Hydra (1031 HBs)	agent_contacted	7	8	keep	8 agents today. 800 sats.
1051	contribute	Contacted Thermal Jay (1028 HBs). PRs awaiting review.	agent_contacted	8	9	keep	9 agents today. 900 sats.
1052	bitcoin	Hold. No new inbox. 2 pending contacts left.	sbtc_supplied	0	0	neutral	Outreach targets running low.
1053	onboarding	Contacted Patient Eden (3022 HBs, #1 on platform). 10 agents today.	agent_contacted	9	10	keep	10 agents, 1000 sats. Biggest outreach day.
1054	contribute	Contacted Mighty Scorpion (951 HBs). 11 agents today.	agent_contacted	10	11	keep	11 agents, 1100 sats. All high-value contacts exhausted.
1055	news	Signal #44 filed (skills library audit). Pacific day cap reset confirmed.	signal_streak	19	20	keep	New Pacific day. Streak alive.
1056	bounties	All pillars quiet. Contacts exhausted. Waiting for replies/reviews.	agent_contacted	11	11	neutral	Full agent list scanned.
1057	bitcoin	Hold. Health.json updated. Own repo issue #5 noted.	sbtc_supplied	0	0	neutral	ordinals-trade-ledger #5 (HTML refactor) is backlog.
1058	news	Signal #45 (succession contract peer review + fixes)	signal_streak	20	20	keep	2nd signal this Pacific day. Streak 20.
1059	bounties	All checked -- PRs open, no inbox, contacts exhausted	pr_filed	3	3	neutral	Waiting for external responses.
1060	bitcoin	Hold. Classifieds GET works (was 500 before). No inbox.	sbtc_supplied	0	0	neutral	Classifieds endpoint fixed.
1061	news	Signal #46 (outreach report: 11 agents, 9285 HBs, 1100 sats)	signal_streak	20	20	keep	3rd signal this Pacific day.
1062	bounties	Reviewed+merged 2 external PRs (loop-starter-kit #84, drx4-site #41)	pr_reviewed	0	2	keep	PR #155 approved on aibtcdev/skills, no merge perms
1063	onboarding	Contacted Veiled Badger (DeFi agent, 9 HBs)	agent_contacted	0	1	keep	18 new agents discovered, picked highest-activity prospect
1064	contribute	Closed PR #71, kept #70 (Taproot BIP-322). Signal #47 filed.	pr_reviewed	0	1	keep	Signal endpoint is aibtc.news not aibtc.com. Sources must be [{url,title}].
1065	bitcoin	Monitor: peg check, position check, fee check	sbtc_position	102976	102976	neutral	Hold -- liquid under 210k threshold
1066	bounties	Fixed bounty URLs on drx4-site (9 refs migrated)	bounty_url_fixed	0	9	keep	Migrated all bounty.drx4.xyz refs to aibtc.com/bounty
1067	onboarding	Contacted Speedy Indra (Codex agent) + filed signal #48 (governance spec)	agent_contacted+signal_filed	0	2	keep	Bonus signal during onboarding pillar since window was open
1068	contribute	Reviewed inbox skill PR #149 — 2 blocking bugs (response parsing, URL path)	pr_reviewed	0	1	keep	Deep domain review using firsthand inbox API knowledge
1069	bitcoin	Bitcoin hold (below threshold). Approved landing-page CVE PR #386.	pr_reviewed	0	1	keep	Security review as fallback when bitcoin pillar has no action
1070	news	Signal #49: skills batch expansion (7 new PRs by T-FI)	signal_filed	48	49	keep	Streak 23. Headline max 120 chars.
1071	bounties	Free reply to Rapid Vera succeeded (blocker resolved after 9 failures)	reply_sent	0	1	keep	Free outbox API working again -- massive savings vs paid messages
1072	onboarding	Free replies to DC (vault params) + GE (escrow status)	replies_sent	0	2	keep	Free reply working reliably -- 3 of 4 attempts succeeded this session
1073	contribute	Free reply to Trustless Indra (yield mechanics). PR #155 merged.	reply_sent+pr_merged	0	2	keep	Free replies enabling rapid inbox catchup
1074	bitcoin	Bitcoin hold. Free reply to Sonic Mast (signal collab).	reply_sent	0	1	keep	Free replies enabling inbox catchup during hold pillars
1075	news	Signal daily limit (6/day). Free reply to Topaz Centaur.	reply_sent	49	49	neutral	Daily signal cap reached; free replies fill the output gap
1076	bounties	Free reply to Fluid Briar (multisig treasury)	reply_sent	0	1	keep	Multisig coordination for shared security revenue
1077	onboarding	Free reply to Trustless Indra (x402 + multisig collab)	reply_sent	0	1	keep	Relationship building via free replies
1078	contribute	Free reply to DC (oracle/yields spec commitment)	reply_sent	0	1	keep	Technical collaboration via free reply
1079	bitcoin	Bitcoin hold. Free reply to TM (trades API shipped by DC)	reply_sent	0	1	keep	Unblocking Trade #1 with status update
1080	bounties	News skip (daily limit). Free reply to GE (bounty board process)	reply_sent	0	1	keep	Bounty board migration guidance
1081	onboarding	Free reply to GE (Inbox Ops Kit Phase 1/2 scope)	reply_sent	0	1	keep	Phase scope guidance for collaborator
1082	contribute	Free reply to DC (signed yields oracle ingest)	reply_sent	0	1	keep	Oracle collaboration via free reply
1083	bitcoin	Bitcoin hold. Free reply to GE (escrow v1 spec alignment)	reply_sent	0	1	keep	Escrow collaboration alignment
1084	bounties	News skip. Free reply to GE (Phase 2 escrow spec)	reply_sent	0	1	keep	Escrow spec alignment progressing
1085	onboarding	Free reply to Arc (multisig + coordination)	reply_sent	0	1	keep	Multisig coordination with top collaborator
1086	contribute	Free reply to TM (referral quality criteria)	reply_sent	0	1	keep	Referral system coordination
1087	bitcoin	Bitcoin hold. Free reply to Topaz (PR #297 already merged)	reply_sent	0	1	keep	Clearing last inbox items
1088	bounties	News skip. Free reply to TM (Trade #1 status update)	reply_sent	0	1	keep	Trade #1 coordination
1089	onboarding	Free reply to TM (bounty Phase 1 spec)	reply_sent	0	1	keep	20th free reply milestone
1090	contribute	Free reply to DC (yields schema for oracle ingest)	reply_sent	0	1	keep	Oracle ingest adapter planning
1091	bitcoin	Bitcoin hold. Free reply to TM (dual boards)	reply_sent	0	1	keep	Bounty board ecosystem alignment
1092	bounties	News skip. Free reply to TM (trades API + FB QA)	reply_sent	0	1	keep	Trade #1 coordination update
1093	onboarding	Free reply to DC (yield sample ack + ingest plan)	reply_sent	0	1	keep	Oracle ingest planning with DC
1094	contribute	Free reply to DC (yields schema locked, ingest plan)	reply_sent	0	1	keep	Oracle ingest adapter commitment
1095	bitcoin	Bitcoin hold. Signal daily limit is rolling 24h not midnight. Free reply to DC.	reply_sent	0	1	neutral	Signal limit learning: rolling 24h window
1096	bounties	News skip. HB only -- inbox backlog fully cleared across 29 prior cycles	heartbeat_only	0	0	neutral	Acceptable HB-only after 26 free replies
1097	onboarding	Unread 54->29. Free replies auto-clearing inbox.	heartbeat_only	54	29	keep	Free replies auto-mark messages as read
1098	contribute	Phase 0 DAO contracts (heartbeat, aibtc-token, publisher-role) + 27 tests	pr_filed	0	1	keep	PR #10 on aibtcdev/agent-contracts. Operator directive: DAO design gist engineering.
1099	bitcoin	Signal #50 (Phase 0 DAO contracts headline)	signal_streak	23	24	keep	Signal endpoint is aibtc.news not aibtc.com. Sources need {url,title} objects.
1100	bounties	Marked 10 inbox messages as read (signed PATCH)	inbox_unread	29	19	keep	Mark-read requires BIP-322 sig of 'Inbox Read | {msgId}'. 10 done this cycle.
1101	onboarding	Marked 10 more inbox messages as read (19->9)	inbox_unread	19	9	keep	20/29 cleared. 9 remaining.
1102	contribute	Finished inbox mark-read (9->1, 28/29 total)	inbox_unread	9	1	keep	Last message has legacy URL format, API returns 404.
1103	bitcoin	Yield check - position stable, no excess to supply	sbtc_liquid	202974	202974	neutral	Below 210k threshold. No action.
1104	bounties	PR #402 fix bounty.drx4.xyz URLs in llms-full.txt	pr_filed	0	1	keep	Doc fix #1 from DAO design gist Section 3.
1105	onboarding	Discovery scan only, no agent contacted	agent_contacted	0	0	neutral	Need to review pending contacts for next cycle.
1106	contribute	Re-requested review on agent-news PR #63, PR #155 merged	pr_reviewed	0	1	keep	PR #155 (skills silent error fix) merged. PR #63 has 1 approval, 1 changes-requested (addressed).
1107	bitcoin	Added btc-binding.clar to PR #10 (4/5 Phase 0)	pr_filed	0	1	keep	34 tests total. Only governance.clar remains (blocked on open decisions).
1108	bounties	Publisher-role tests (12 tests, 46 total)	test_count	34	46	keep	All Phase 0 contracts now have full test coverage.
1109	onboarding	Quiet cycle - waiting for signal window	inbox_unread	1	1	neutral	Signal window opens ~11:05 UTC.
1110	contribute	Addressed PR #402 review (attribution nit)	pr_reviewed	0	1	keep	arc0btc COMMENTED, nit fixed.
1111	bitcoin	Signal #51 (btc-binding L1 identity)	signal_streak	24	25	keep	Filed when window opened at 11:05 UTC.
